[Cdiff]	[Commensal_Beneficial]	[Commensal_Dead]	[tDC_LP]	[tDC_MLN]	[Commensal_Harmful]	[N_Lum]	[E]	[E_d]	[E_i]	[M_LP]	[eDC_LP]	[Th17_LP]	[Th1_LP]	[iTreg_LP]	[eDC_MLN]	[iTreg_MLN]	[Th17_MLN]	[Th1_MLN]
484.0	1.0	50000000000.0	0.0	0.0	15000000000.0	0.0	1052500.0	0.0	0.0	3250.0	0.0	0.0	0.0	0.0	0.0	0.0	0.0	0.0
247.54152104306888	4.9691690413202884e+64	-4.9562432309412505e+64	-8.25678086069096	-0.5600884977346683	6.439978525723311e-146	-4.3599331468336325e-24	-1.6304638264422155e+34	-4.701165167809158e+31	1.6351649916100246e+34	-53681.62528910533	13.003952236133557	-27967.67921178146	136688.9918661046	-55507.57464570131	0.060558323685005015	-5.036909793295398	-753.2449895353695	3418.9430898661194
																		
																		
																		
																		
																		
																		
																		
																		
																		
																		
																		
																		
																		
																		
																		
																		
																		
																		
																		
																		
																		
																		
																		
																		
																		
																		
																		
																		
																		
																		
																		
																		
																		
																		
																		
																		
																		
																		
																		
																		
																		
																		
																		
																		
																		
																		
																		
																		
																		
